<?xml version="1.0" encoding="UTF-8" ?>
<!DOCTYPE struts-config PUBLIC
          "-//Apache Software Foundation//DTD Struts Configuration 1.3//EN"
          "http://jakarta.apache.org/struts/dtds/struts-config_1_3.dtd">
<struts-config>
    <form-beans>
        <form-bean name="LoginForm" type="com.struts.LoginForm"/>
    </form-beans>
    <action-mappings>
        <action name="LoginForm" path="/login" scope="request" type="com.struts.LoginAction" validate="false">
            <forward name="success" path="/WEB-INF/success.jsp"/>
            <forward name="failure" path="/login.jsp"/>
        </action>
    </action-mappings>
</struts-config>
